68,35,blue
46,30,blue
64,66,blue
47,10,blue
85,59,blue
62,24,blue
45,20,blue
27,52,red
62,95,red
56,84,red
54,35,blue
48,16,blue
54,74,red
7,38,red
79,44,blue
14,50,red
44,14,blue
8,44,red
60,53,red
36,54,red
61,43,blue
63,44,blue
13,33,red
21,57,red
9,44,red
72,47,blue
92,53,blue
17,46,red
14,45,red
77,40,blue
23,53,red
13,45,red
17,54,red
53,36,blue
42,78,red
61,92,red
14,34,red
46,20,blue
94,75,blue
11,45,red
37,40,blue
36,60,red
37,68,red
54,89,red
11,27,red
44,4,blue
36,32,red
63,55,red
37,12,blue
71,46,blue
14,49,red
52,18,blue
51,17,blue
33,62,red
65,71,blue
92,56,blue
94,63,blue
40,6,blue
50,17,blue
64,94,red
23,40,red
30,51,red
55,62,blue
39,77,red
72,35,blue
72,70,red
62,30,blue
14,31,red
46,84,red
5,27,red
69,36,blue
28,57,red
49,68,red
80,40,blue
31,65,red
49,66,red
67,39,blue
10,33,red
54,80,red
80,53,blue
66,36,blue
62,92,red
80,45,blue
86,49,blue
60,28,blue
67,28,blue
40,79,red
48,79,red
95,68,blue
72,38,blue
8,41,red
59,41,blue
48,9,blue
59,42,blue
7,32,red
23,62,red
60,31,blue
9,26,red
44,17,blue
81,47,blue