20,20,red
53,-50,red
2,6,red
-4,26,red
-8,81,blue
-23,-20,red
14,3,red
35,2,red
-56,29,blue
22,-31,red
-29,29,red
28,-73,blue
-6,21,red
-58,69,blue
9,-80,blue
46,-75,blue
78,21,blue
-33,2,red
-67,-13,red
27,83,blue
53,-41,blue
-62,-21,blue
-23,34,red
-27,-34,red
4,-26,red
6,87,blue
31,66,blue
10,38,blue
62,-31,red
-42,-81,blue
-13,-6,red
86,28,blue
-57,-55,blue
32,0,red
-45,-42,blue
-13,-33,blue
-23,32,red
30,57,blue
-61,-42,blue
-54,-50,blue
-12,-5,red
-40,11,red
-27,29,red
-63,-7,blue
11,-5,red
40,-16,red
-28,55,blue
52,-30,blue
13,-22,red
8,10,red
21,27,red
13,9,red
15,25,red
-44,-82,blue
28,3,blue
-5,29,red
69,0,blue
-4,-79,blue
-39,71,blue
-32,20,red
46,56,blue
-39,13,red
-19,-83,blue
-11,18,blue
21,-65,red
3,-7,red
-33,65,blue
0,24,red
26,88,blue
-8,-26,red
-45,52,blue
-18,59,blue
49,-39,blue
-67,-22,blue
29,27,red
64,13,blue
9,-24,red
6,25,red
8,4,red
10,6,red
-76,44,blue
-10,-25,red
-39,-13,red
1,7,red
67,17,blue
-8,-39,red
85,-5,blue
-19,89,blue
-7,7,red
73,-3,blue
-14,86,blue
-36,-87,blue
58,68,blue
-68,11,blue
30,26,red
30,-77,blue
-24,-6,red
-23,-7,red
-19,-17,red
82,-3,blue